ID	DRB1*04:05	Gene	Transcript	Junction Name	AA Change	Best Peptide	TSL	MANE Select	Canonical	Allele	Pos	Prob Pos	Num Included Peptides	Num Passing Peptides	IC50 MT	%ile MT	IC50 %ile MT	IM %ile MT	Pres %ile MT	RNA Expr	RNA VAF	Allele Expr	RNA Depth	DNA VAF	Tier	Evaluation
47.UBE2I.ENST00000397514.JUNC00000100.chr16:1320436-1320437.D.frameshift_splice_site	4	UBE2I	ENST00000397514.8	JUNC00000100	NA	DKDWRPAITIKQEYR	1	True	True	DRB1*04:05	100	None	5	4	332.835	8.150	11.270	NA	1.055	58.799	0.385	22.638	26.000	0.602	PoorBinder	Pending
98.DBN1.ENST00000292385.JUNC00000177.chr5:177460555-177460556.D.frameshift_splice_site		DBN1	ENST00000292385.9	JUNC00000177	NA	TGGWRPLPSPRGARL	1	False	False	DRB1*04:05	325	None	15	0	791.680	6.800	17.980	NA	0.968	109.087	0.070	7.636	129.000	0.290	PoorBinder	Pending
87.SEC24D.ENST00000280551.JUNC00000153.chr4:118740662-118740663.NDA.inframe_splice_site	12	SEC24D	ENST00000280551.11	JUNC00000153	Q	TSTAFKAVLHQPLKV	1	True	True	DRB1*04:05	695	None	14	12	71.040	4.460	2.760	NA	32.850	67.286	0.120	8.074	575.000	0.205	Poor	Pending
27.LDHB.ENST00000350669.JUNC00000053.chr12:21654541-21654542.D.frameshift_splice_site	3	LDHB	ENST00000350669.5	JUNC00000053	NA	GKTIRRHMMFNLSHY	1	True	True	DRB1*04:05	42	None	14	3	198.980	16.000	9.950	NA	70.550	203.702	0.881	179.461	118.000	0.780	Poor	Pending
115.PODXL.ENST00000378555.JUNC00000200.chr7:131504507-131504508.D.inframe_splice_site	9	PODXL	ENST00000378555.8	JUNC00000200	Q/*	DNPTLEVMETSSEMQ	1	True	True	DRB1*04:05	508	None	15	9	294.275	6.360	12.500	NA	0.551	0.630	0.455	0.287	11.000	0.124	Poor	Pending
41.PRDM4.ENST00000228437.JUNC00000069.chr12:107746273-107746274.A.frameshift_splice_site	2	PRDM4	ENST00000228437.10	JUNC00000069	NA	KQLVLRQSIVGAEVD	2	True	True	DRB1*04:05	412	None	15	2	298.575	14.500	15.000	NA	10.770	13.577	1.000	13.577	71.000	0.980	Poor	Pending
48.UBE2I.ENST00000397514.JUNC00000102.chr16:1320436-1320437.NDA.frameshift_splice_site		UBE2I	ENST00000397514.8	JUNC00000102	NA	KDWRPAITIKQPKQS	1	True	True	DRB1*04:05	101	None	6	0	544.490	12.500	16.520	NA	3.005	58.799	0.385	22.638	26.000	0.602	Poor	Pending
21.TIPRL.ENST00000367833.JUNC00000028.chr1:168179177-168179178.D.frameshift_splice_site	1	TIPRL	ENST00000367833.7	JUNC00000028	E/V	KTHIMKSADVVKQRF	1	True	True	DRB1*04:05	24	None	12	1	543.980	13.000	23.000	NA	7.175	55.746	0.332	18.508	927.000	0.273	Poor	Pending
88.SEC24D.ENST00000280551.JUNC00000155.chr4:118740662-118740663.A.inframe_splice_site	3	SEC24D	ENST00000280551.11	JUNC00000155	Q	SCAVLYTTISGQRRL	1	True	True	DRB1*04:05	750	None	15	3	322.830	19.000	12.890	NA	30.400	67.286	0.120	8.074	575.000	0.205	Poor	Pending
19.TIPRL.ENST00000367833.JUNC00000025.chr1:168179177-168179178.D.frameshift_splice_site		TIPRL	ENST00000367833.7	JUNC00000025	E/V	SKTHIMKSADVVKVK	1	True	True	DRB1*04:05	23	None	7	0	512.505	21.000	23.000	NA	19.400	55.746	0.332	18.508	927.000	0.273	Poor	Pending
20.TIPRL.ENST00000367833.JUNC00000027.chr1:168179177-168179178.D.frameshift_splice_site	1	TIPRL	ENST00000367833.7	JUNC00000027	E/V	ASKTHIMKSADVVNR	1	True	True	DRB1*04:05	22	None	2	1	485.250	23.000	23.000	NA	22.600	55.746	0.332	18.508	927.000	0.273	Poor	Pending
24.LDHB.ENST00000350669.JUNC00000045.chr12:21654541-21654542.A.inframe_splice_site		LDHB	ENST00000350669.5	JUNC00000045	NA	VSLADELALVDVLED	1	True	True	DRB1*04:05	26	None	12	0	670.720	21.855	24.000	NA	12.700	203.702	0.881	179.461	118.000	0.780	Poor	Pending
23.LDHB.ENST00000350669.JUNC00000044.chr12:21654541-21654542.A.inframe_splice_site		LDHB	ENST00000350669.5	JUNC00000044	NA	QSLADELALVDVLED	1	True	True	DRB1*04:05	31	None	14	0	678.730	23.010	24.010	NA	12.200	203.702	0.881	179.461	118.000	0.780	Poor	Pending
25.LDHB.ENST00000350669.JUNC00000046.chr12:21654541-21654542.A.inframe_splice_site		LDHB	ENST00000350669.5	JUNC00000046	NA	ESLADELALVDVLED	1	True	True	DRB1*04:05	16	None	12	0	692.480	25.000	26.380	NA	12.200	203.702	0.881	179.461	118.000	0.780	Poor	Pending
42.PRDM4.ENST00000228437.JUNC00000071.chr12:107746273-107746274.NDA.inframe_splice_site		PRDM4	ENST00000228437.10	JUNC00000071	NA	KENMATLFTICVWTG	2	True	True	DRB1*04:05	366	None	15	0	826.470	28.000	28.000	NA	43.100	13.577	1.000	13.577	71.000	0.980	Poor	Pending
12.CCDC18.ENST00000690025.JUNC00000006.chr1:93226448-93226449.NDA.inframe_splice_site		CCDC18	ENST00000690025.1	JUNC00000006	E	EETIKVYCLQKELKI	NA	True	True	DRB1*04:05	721	None	12	0	806.315	31.750	24.315	NA	41.250	18.750	0.300	5.625	20.000	0.628	Poor	Pending
70.EPS15L1.ENST00000455140.JUNC00000110.chr19:16361781-16361782.NDA.inframe_splice_site		EPS15L1	ENST00000455140.7	JUNC00000110	T	DFSQMSKFGNEEQQL	2	True	True	DRB1*04:05	743	None	12	0	1108.365	30.000	40.000	NA	13.710	21.206	0.311	6.595	90.000	0.199	Poor	Pending
22.LDHB.ENST00000350669.JUNC00000043.chr12:21654541-21654542.A.frameshift_splice_site		LDHB	ENST00000350669.5	JUNC00000043	NA	NNKITVVGVGQVVSG	1	True	True	DRB1*04:05	21	None	3	0	2464.130	37.875	53.000	NA	8.495	203.702	0.881	179.461	118.000	0.780	Poor	Pending
107.DBN1.ENST00000393565.JUNC00000178.chr5:177460555-177460556.D.inframe_splice_site		DBN1	ENST00000393565.6	JUNC00000178	NA	ESEVEAAAIIAQRPD	5	True	True	DRB1*04:05	273	None	11	0	1881.890	36.840	53.000	NA	15.550	109.087	0.070	7.636	129.000	0.290	Poor	Pending
15.CCDC18.ENST00000690025.JUNC00000011.chr1:93226448-93226449.D.inframe_splice_site		CCDC18	ENST00000690025.1	JUNC00000011	E	EKELKIKNHSLQETS	NA	True	True	DRB1*04:05	764	None	4	0	1786.600	46.000	46.000	NA	47.000	18.750	0.300	5.625	20.000	0.628	Poor	Pending
68.EPS15L1.ENST00000455140.JUNC00000108.chr19:16361781-16361782.A.inframe_splice_site		EPS15L1	ENST00000455140.7	JUNC00000108	T	KSTPFGNEEQQLAWA	2	True	True	DRB1*04:05	795	None	1	0	5252.645	64.550	78.000	NA	39.550	21.206	0.311	6.595	90.000	0.199	Poor	Pending
69.EPS15L1.ENST00000455140.JUNC00000109.chr19:16361781-16361782.NDA.frameshift_splice_site		EPS15L1	ENST00000455140.7	JUNC00000109	T	PKKPAPPRPKPPSVW	2	True	True	DRB1*04:05	781	None	1	0	27220.365	99.500	99.500	NA	89.300	21.206	0.311	6.595	90.000	0.199	Poor	Pending
116.WASHC5.ENST00000318410.JUNC00000205.chr8:125067719-125067720.NDA.frameshift_splice_site	5	WASHC5	ENST00000318410.12	JUNC00000205	NA	AIRWLMLHTADSDVQ	1	True	True	DRB1*04:05	372	None	15	5	47.320	2.285	1.285	NA	3.185	65.088	0.000	0.000	25.000	0.062	NoExpr	Pending
117.WASHC5.ENST00000318410.JUNC00000207.chr8:125067719-125067720.A.frameshift_splice_site	15	WASHC5	ENST00000318410.12	JUNC00000207	NA	WPFILLHIKTLRIRT	1	True	True	DRB1*04:05	390	None	15	15	47.000	2.740	0.650	NA	11.320	65.088	0.000	0.000	25.000	0.062	NoExpr	Pending
118.WASHC5.ENST00000318410.JUNC00000210.chr8:125067719-125067720.D.inframe_splice_site	15	WASHC5	ENST00000318410.12	JUNC00000210	NA	AIRWLMLHTADSDIF	1	True	True	DRB1*04:05	372	None	15	15	47.575	2.335	1.290	NA	4.685	65.088	0.000	0.000	25.000	0.062	NoExpr	Pending
112.CUL9.ENST00000252050.JUNC00000183.chr6:43187095-43187096.NDA.frameshift_splice_site		CUL9	ENST00000252050.9	JUNC00000183	NA	GCTLCRTSSPNLRRM	5	True	True	DRB1*04:05	429	None	15	0	928.575	42.600	34.500	NA	61.100	16.683	0.000	0.000	6.000	0.252	NoExpr	Pending
77.AGPS.ENST00000264167.JUNC00000129.chr2:177513816-177513817.D.frameshift_splice_site		AGPS	ENST00000264167.11	JUNC00000129	NA	LGESFETSAPWDRSL	1	True	True	DRB1*04:05	524	None	2	0	2217.885	41.000	56.000	NA	33.950	38.437	0.000	0.000	9.000	0.237	NoExpr	Pending
